<?xml version="1.0" encoding="UTF-8"?>
<launch4jConfig>
  <headerType>gui</headerType>
  <dontWrapJar>true</dontWrapJar>
  <downloadUrl>http://java.com/download</downloadUrl>
  <outfile>C:\Users\Simon\Dropbox\Informatik\OOP\Projekt - Selbsthilfegruppe\Tetris\Tetris_5_0_Final\application.windows32\Tetris_5_0_Final.exe</outfile>
  <icon>C:\Users\Simon\Documents\Processing\modes\ExperimentalMode\application\sketch.ico</icon>
  <classPath>
    <mainClass>Tetris_5_0_Final</mainClass>
    <cp>lib/Tetris_5_0_Final.jar</cp>
    <cp>lib/core.jar</cp>
    <cp>lib/jogl-all.jar</cp>
    <cp>lib/gluegen-rt.jar</cp>
    <cp>lib/jogl-all-natives-windows-i586.jar</cp>
    <cp>lib/gluegen-rt-natives-windows-i586.jar</cp>
    <cp>lib/jl1.0.jar</cp>
    <cp>lib/jsminim.jar</cp>
    <cp>lib/minim.jar</cp>
    <cp>lib/mp3spi1.9.4.jar</cp>
    <cp>lib/tritonus_aos.jar</cp>
    <cp>lib/tritonus_share.jar</cp>
  </classPath>
  <jre>
    <minVersion>1.7.0_40</minVersion>
    <opt>-Djna.nosys=true</opt>
  </jre>
</launch4jConfig>
